{
  "version": "0.2",
  "import": "@pega/cspell-config",
  "language": "en-US",
  "ignorePaths": [
    "package-lock.json",
    "**/*.tsbuildinfo",
    "**/node_modules/**",
    "lib",
    "**/.DS_Store",
    "**/*.zip",
    "**/*.tgz",
    ".eslintrc.json"
  ],
  "allowCompoundWords": true,
  "words": [
    "arcgis",
    "camelcase",
    "dagrejs",
    "daygrid",
    "ESRI",
    "fullcalendar",
    "Gantt",
    "IBAN",
    "imask",
    "imaskjs",
    "isday",
    "jsbarcode",
    "Leanez",
    "Lenovo",
    "nopan",
    "OPENWORKBYHANDLE",
    "pangea",
    "pasteable",
    "PHARMACODE",
    "PYCASESUMMARY",
    "PYGENERICFIELDS",
    "reactflow",
    "SAOAUTH",
    "Talia",
    "timegrid",
    "widthpx",
    "wkid"
  ]
}
